,precision,recall,f1-score,support
fake,0.9411764705882353,0.8888888888888888,0.9142857142857143,54.0
real,0.8928571428571429,0.9433962264150944,0.9174311926605505,53.0
accuracy,0.9158878504672897,0.9158878504672897,0.9158878504672897,0.9158878504672897
macro avg,0.9170168067226891,0.9161425576519916,0.9158584534731324,107.0
weighted avg,0.917242597973769,0.9158878504672897,0.9158437549760536,107.0
