{
  "fake": {
    "precision": 0.9411764705882353,
    "recall": 0.8888888888888888,
    "f1-score": 0.9142857142857143,
    "support": 54.0
  },
  "real": {
    "precision": 0.8928571428571429,
    "recall": 0.9433962264150944,
    "f1-score": 0.9174311926605505,
    "support": 53.0
  },
  "accuracy": 0.9158878504672897,
  "macro avg": {
    "precision": 0.9170168067226891,
    "recall": 0.9161425576519916,
    "f1-score": 0.9158584534731324,
    "support": 107.0
  },
  "weighted avg": {
    "precision": 0.917242597973769,
    "recall": 0.9158878504672897,
    "f1-score": 0.9158437549760536,
    "support": 107.0
  }
}