{
  "file": "Rahul_Gandhi_ji_Real.mp4",
  "ai_score": 0.096,
  "frame_scores": [
    0.0007406669319607317,
    0.0012231756700202823,
    0.002415969269350171,
    0.008101645857095718,
    0.0036916059907525778,
    0.004465406760573387,
    0.005476962309330702,
    0.001599110197275877,
    0.0007064120145514607,
    0.0027483536396175623,
    0.0005335705354809761,
    0.0008636522106826305,
    0.008607987314462662,
    0.02805461548268795,
    0.6931157112121582,
    0.9088855981826782,
    0.2743581235408783,
    0.9699693322181702,
    0.9993836879730225,
    0.5155140161514282,
    0.29432475566864014,
    0.3101055324077606,
    0.31115302443504333,
    0.016952840611338615,
    0.022044381126761436,
    0.062140293419361115,
    0.02660827338695526,
    0.03450746089220047,
    0.19620388746261597,
    0.37812095880508423,
    0.9934868812561035,
    0.011982988566160202,
    0.006793640088289976,
    0.9981405138969421,
    0.5629345774650574,
    0.18624524772167206,
    0.07347162067890167,
    0.019859671592712402,
    0.0008089672191999853,
    0.028396880254149437,
    0.026345379650592804,
    0.0013611147878691554,
    0.0014790272107347846,
    0.010548259131610394,
    0.0016909623518586159,
    0.04081374406814575,
    0.295308917760849,
    0.05128366872668266,
    0.018199298530817032,
    0.017775099724531174,
    0.004456808790564537,
    0.01483274344354868,
    0.0022255934309214354,
    0.004438848700374365,
    0.0020482216496020555,
    0.003225036896765232,
    0.0025856136344373226,
    0.0020933900959789753,
    0.10368674248456955,
    0.10244299471378326,
    0.008658392354846,
    1.7134805602836423e-05,
    0.01070630643516779,
    0.0013562223175540566,
    0.011106405407190323,
    0.02044815570116043,
    0.016809871420264244,
    0.004404629115015268,
    0.017917905002832413,
    0.0008916235528886318,
    0.005123174749314785,
    0.005952341482043266,
    0.0014629128854721785,
    0.0002997792325913906,
    0.003218698548153043,
    0.004206805489957333,
    0.009923737496137619,
    0.003523250576108694,
    0.00012347556184977293,
    0.0008028902811929584,
    0.0004456523456610739,
    0.006593551952391863,
    0.0004706141771748662,
    0.004303460009396076,
    0.007400708273053169,
    0.0006481166346929967,
    0.01233246922492981,
    0.0020010999869555235,
    0.02672388032078743,
    0.0022099539637565613,
    0.002910556038841605,
    0.00158971908967942,
    0.0008627584902569652,
    0.005984288640320301,
    0.0010877266759052873,
    0.0011489453027024865,
    0.0006198466871865094,
    0.03166883811354637,
    0.005044588819146156,
    0.008137207478284836,
    0.04499132186174393,
    0.008649500086903572,
    0.002890357980504632,
    0.007019906770437956
  ],
  "thumbs": [
    "thumbs\\Rahul_Gandhi_ji_Real_frame0_20251208180326.jpg",
    "thumbs\\Rahul_Gandhi_ji_Real_frame10_20251208180326.jpg",
    "thumbs\\Rahul_Gandhi_ji_Real_frame20_20251208180326.jpg",
    "thumbs\\Rahul_Gandhi_ji_Real_frame30_20251208180326.jpg",
    "thumbs\\Rahul_Gandhi_ji_Real_frame40_20251208180326.jpg"
  ],
  "blockchain_verified": true,
  "tx_hash": "0x797cc0c3d9129544332b2c8629e84ff9ec1ef9c161b5d0c06d799109eb582aff",
  "authenticity_score": 0.882,
  "hash": "0d1d7904913338afd1abf16a48214a9e8e720f20f0e2e3968d958fe5900d4e19",
  "model_name": "deepfake_model.h5",
  "model_sha256": "08f1b8aa7907ef469cb18922c573161f41bf6d456cca8c2ab41113a161975cc4",
  "tf_version": "2.20.0",
  "python_version": "3.9.13",
  "generated_at": "2025-12-08T18:04:01.293104"
}